grantee,table_schema,table_name,privilege_type,is_grantable
anon,app,app_config,DELETE,NO
anon,app,app_config,INSERT,NO
anon,app,app_config,SELECT,NO
anon,app,app_config,UPDATE,NO
authenticated,app,app_config,DELETE,NO
authenticated,app,app_config,INSERT,NO
authenticated,app,app_config,SELECT,NO
authenticated,app,app_config,UPDATE,NO
postgres,app,app_config,DELETE,YES
postgres,app,app_config,INSERT,YES
postgres,app,app_config,REFERENCES,YES
postgres,app,app_config,SELECT,YES
postgres,app,app_config,TRIGGER,YES
postgres,app,app_config,TRUNCATE,YES
postgres,app,app_config,UPDATE,YES
anon,app,bookings,DELETE,NO
anon,app,bookings,INSERT,NO
anon,app,bookings,SELECT,NO
anon,app,bookings,UPDATE,NO
authenticated,app,bookings,DELETE,NO
authenticated,app,bookings,INSERT,NO
authenticated,app,bookings,SELECT,NO
authenticated,app,bookings,UPDATE,NO
postgres,app,bookings,DELETE,YES
postgres,app,bookings,INSERT,YES
postgres,app,bookings,REFERENCES,YES
postgres,app,bookings,SELECT,YES
postgres,app,bookings,TRIGGER,YES
postgres,app,bookings,TRUNCATE,YES
postgres,app,bookings,UPDATE,YES
anon,app,certificates,DELETE,NO
anon,app,certificates,INSERT,NO
anon,app,certificates,SELECT,NO
anon,app,certificates,UPDATE,NO
authenticated,app,certificates,DELETE,NO
authenticated,app,certificates,INSERT,NO
authenticated,app,certificates,SELECT,NO
authenticated,app,certificates,UPDATE,NO
postgres,app,certificates,DELETE,YES
postgres,app,certificates,INSERT,YES
postgres,app,certificates,REFERENCES,YES
postgres,app,certificates,SELECT,YES
postgres,app,certificates,TRIGGER,YES
postgres,app,certificates,TRUNCATE,YES
postgres,app,certificates,UPDATE,YES
anon,app,certifications,DELETE,NO
anon,app,certifications,INSERT,NO
anon,app,certifications,SELECT,NO
anon,app,certifications,UPDATE,NO
authenticated,app,certifications,DELETE,NO
authenticated,app,certifications,INSERT,NO
authenticated,app,certifications,SELECT,NO
authenticated,app,certifications,UPDATE,NO
postgres,app,certifications,DELETE,YES
postgres,app,certifications,INSERT,YES
postgres,app,certifications,REFERENCES,YES
postgres,app,certifications,SELECT,YES
postgres,app,certifications,TRIGGER,YES
postgres,app,certifications,TRUNCATE,YES
postgres,app,certifications,UPDATE,YES
anon,app,courses,DELETE,NO
anon,app,courses,INSERT,NO
anon,app,courses,SELECT,NO
anon,app,courses,UPDATE,NO
authenticated,app,courses,DELETE,NO
authenticated,app,courses,INSERT,NO
authenticated,app,courses,SELECT,NO
authenticated,app,courses,UPDATE,NO
postgres,app,courses,DELETE,YES
postgres,app,courses,INSERT,YES
postgres,app,courses,REFERENCES,YES
postgres,app,courses,SELECT,YES
postgres,app,courses,TRIGGER,YES
postgres,app,courses,TRUNCATE,YES
postgres,app,courses,UPDATE,YES
anon,app,drip_plans,DELETE,NO
anon,app,drip_plans,INSERT,NO
anon,app,drip_plans,SELECT,NO
anon,app,drip_plans,UPDATE,NO
authenticated,app,drip_plans,DELETE,NO
authenticated,app,drip_plans,INSERT,NO
authenticated,app,drip_plans,SELECT,NO
authenticated,app,drip_plans,UPDATE,NO
postgres,app,drip_plans,DELETE,YES
postgres,app,drip_plans,INSERT,YES
postgres,app,drip_plans,REFERENCES,YES
postgres,app,drip_plans,SELECT,YES
postgres,app,drip_plans,TRIGGER,YES
postgres,app,drip_plans,TRUNCATE,YES
postgres,app,drip_plans,UPDATE,YES
anon,app,drip_rules,DELETE,NO
anon,app,drip_rules,INSERT,NO
anon,app,drip_rules,SELECT,NO
anon,app,drip_rules,UPDATE,NO
authenticated,app,drip_rules,DELETE,NO
authenticated,app,drip_rules,INSERT,NO
authenticated,app,drip_rules,SELECT,NO
authenticated,app,drip_rules,UPDATE,NO
postgres,app,drip_rules,DELETE,YES
postgres,app,drip_rules,INSERT,YES
postgres,app,drip_rules,REFERENCES,YES
postgres,app,drip_rules,SELECT,YES
postgres,app,drip_rules,TRIGGER,YES
postgres,app,drip_rules,TRUNCATE,YES
postgres,app,drip_rules,UPDATE,YES
anon,app,editor_styles,DELETE,NO
anon,app,editor_styles,INSERT,NO
anon,app,editor_styles,SELECT,NO
anon,app,editor_styles,UPDATE,NO
authenticated,app,editor_styles,DELETE,NO
authenticated,app,editor_styles,INSERT,NO
authenticated,app,editor_styles,SELECT,NO
authenticated,app,editor_styles,UPDATE,NO
postgres,app,editor_styles,DELETE,YES
postgres,app,editor_styles,INSERT,YES
postgres,app,editor_styles,REFERENCES,YES
postgres,app,editor_styles,SELECT,YES
postgres,app,editor_styles,TRIGGER,YES
postgres,app,editor_styles,TRUNCATE,YES
postgres,app,editor_styles,UPDATE,YES
anon,app,enrollments,DELETE,NO
anon,app,enrollments,INSERT,NO
anon,app,enrollments,SELECT,NO
anon,app,enrollments,UPDATE,NO
authenticated,app,enrollments,DELETE,NO
authenticated,app,enrollments,INSERT,NO
authenticated,app,enrollments,SELECT,NO
authenticated,app,enrollments,UPDATE,NO
postgres,app,enrollments,DELETE,YES
postgres,app,enrollments,INSERT,YES
postgres,app,enrollments,REFERENCES,YES
postgres,app,enrollments,SELECT,YES
postgres,app,enrollments,TRIGGER,YES
postgres,app,enrollments,TRUNCATE,YES
postgres,app,enrollments,UPDATE,YES
anon,app,events,DELETE,NO
anon,app,events,INSERT,NO
anon,app,events,SELECT,NO
anon,app,events,UPDATE,NO
authenticated,app,events,DELETE,NO
authenticated,app,events,INSERT,NO
authenticated,app,events,SELECT,NO
authenticated,app,events,UPDATE,NO
postgres,app,events,DELETE,YES
postgres,app,events,INSERT,YES
postgres,app,events,REFERENCES,YES
postgres,app,events,SELECT,YES
postgres,app,events,TRIGGER,YES
postgres,app,events,TRUNCATE,YES
postgres,app,events,UPDATE,YES
postgres,app,guest_claim_tokens,DELETE,YES
postgres,app,guest_claim_tokens,INSERT,YES
postgres,app,guest_claim_tokens,REFERENCES,YES
postgres,app,guest_claim_tokens,SELECT,YES
postgres,app,guest_claim_tokens,TRIGGER,YES
postgres,app,guest_claim_tokens,TRUNCATE,YES
postgres,app,guest_claim_tokens,UPDATE,YES
anon,app,lesson_media,DELETE,NO
anon,app,lesson_media,INSERT,NO
anon,app,lesson_media,SELECT,NO
anon,app,lesson_media,UPDATE,NO
authenticated,app,lesson_media,DELETE,NO
authenticated,app,lesson_media,INSERT,NO
authenticated,app,lesson_media,SELECT,NO
authenticated,app,lesson_media,UPDATE,NO
postgres,app,lesson_media,DELETE,YES
postgres,app,lesson_media,INSERT,YES
postgres,app,lesson_media,REFERENCES,YES
postgres,app,lesson_media,SELECT,YES
postgres,app,lesson_media,TRIGGER,YES
postgres,app,lesson_media,TRUNCATE,YES
postgres,app,lesson_media,UPDATE,YES
anon,app,lessons,DELETE,NO
anon,app,lessons,INSERT,NO
anon,app,lessons,SELECT,NO
anon,app,lessons,UPDATE,NO
authenticated,app,lessons,DELETE,NO
authenticated,app,lessons,INSERT,NO
authenticated,app,lessons,SELECT,NO
authenticated,app,lessons,UPDATE,NO
postgres,app,lessons,DELETE,YES
postgres,app,lessons,INSERT,YES
postgres,app,lessons,REFERENCES,YES
postgres,app,lessons,SELECT,YES
postgres,app,lessons,TRIGGER,YES
postgres,app,lessons,TRUNCATE,YES
postgres,app,lessons,UPDATE,YES
anon,app,magic_links,DELETE,NO
anon,app,magic_links,INSERT,NO
anon,app,magic_links,SELECT,NO
anon,app,magic_links,UPDATE,NO
authenticated,app,magic_links,DELETE,NO
authenticated,app,magic_links,INSERT,NO
authenticated,app,magic_links,SELECT,NO
authenticated,app,magic_links,UPDATE,NO
postgres,app,magic_links,DELETE,YES
postgres,app,magic_links,INSERT,YES
postgres,app,magic_links,REFERENCES,YES
postgres,app,magic_links,SELECT,YES
postgres,app,magic_links,TRIGGER,YES
postgres,app,magic_links,TRUNCATE,YES
postgres,app,magic_links,UPDATE,YES
anon,app,meditations,DELETE,NO
anon,app,meditations,INSERT,NO
anon,app,meditations,SELECT,NO
anon,app,meditations,UPDATE,NO
authenticated,app,meditations,DELETE,NO
authenticated,app,meditations,INSERT,NO
authenticated,app,meditations,SELECT,NO
authenticated,app,meditations,UPDATE,NO
postgres,app,meditations,DELETE,YES
postgres,app,meditations,INSERT,YES
postgres,app,meditations,REFERENCES,YES
postgres,app,meditations,SELECT,YES
postgres,app,meditations,TRIGGER,YES
postgres,app,meditations,TRUNCATE,YES
postgres,app,meditations,UPDATE,YES
anon,app,memberships,DELETE,NO
anon,app,memberships,INSERT,NO
anon,app,memberships,SELECT,NO
anon,app,memberships,UPDATE,NO
authenticated,app,memberships,DELETE,NO
authenticated,app,memberships,INSERT,NO
authenticated,app,memberships,SELECT,NO
authenticated,app,memberships,UPDATE,NO
postgres,app,memberships,DELETE,YES
postgres,app,memberships,INSERT,YES
postgres,app,memberships,REFERENCES,YES
postgres,app,memberships,SELECT,YES
postgres,app,memberships,TRIGGER,YES
postgres,app,memberships,TRUNCATE,YES
postgres,app,memberships,UPDATE,YES
anon,app,messages,DELETE,NO
anon,app,messages,INSERT,NO
anon,app,messages,SELECT,NO
anon,app,messages,UPDATE,NO
authenticated,app,messages,DELETE,NO
authenticated,app,messages,INSERT,NO
authenticated,app,messages,SELECT,NO
authenticated,app,messages,UPDATE,NO
postgres,app,messages,DELETE,YES
postgres,app,messages,INSERT,YES
postgres,app,messages,REFERENCES,YES
postgres,app,messages,SELECT,YES
postgres,app,messages,TRIGGER,YES
postgres,app,messages,TRUNCATE,YES
postgres,app,messages,UPDATE,YES
anon,app,modules,DELETE,NO
anon,app,modules,INSERT,NO
anon,app,modules,SELECT,NO
anon,app,modules,UPDATE,NO
authenticated,app,modules,DELETE,NO
authenticated,app,modules,INSERT,NO
authenticated,app,modules,SELECT,NO
authenticated,app,modules,UPDATE,NO
postgres,app,modules,DELETE,YES
postgres,app,modules,INSERT,YES
postgres,app,modules,REFERENCES,YES
postgres,app,modules,SELECT,YES
postgres,app,modules,TRIGGER,YES
postgres,app,modules,TRUNCATE,YES
postgres,app,modules,UPDATE,YES
anon,app,notification_jobs,DELETE,NO
anon,app,notification_jobs,INSERT,NO
anon,app,notification_jobs,SELECT,NO
anon,app,notification_jobs,UPDATE,NO
authenticated,app,notification_jobs,DELETE,NO
authenticated,app,notification_jobs,INSERT,NO
authenticated,app,notification_jobs,SELECT,NO
authenticated,app,notification_jobs,UPDATE,NO
postgres,app,notification_jobs,DELETE,YES
postgres,app,notification_jobs,INSERT,YES
postgres,app,notification_jobs,REFERENCES,YES
postgres,app,notification_jobs,SELECT,YES
postgres,app,notification_jobs,TRIGGER,YES
postgres,app,notification_jobs,TRUNCATE,YES
postgres,app,notification_jobs,UPDATE,YES
anon,app,notification_templates,DELETE,NO
anon,app,notification_templates,INSERT,NO
anon,app,notification_templates,SELECT,NO
anon,app,notification_templates,UPDATE,NO
authenticated,app,notification_templates,DELETE,NO
authenticated,app,notification_templates,INSERT,NO
authenticated,app,notification_templates,SELECT,NO
authenticated,app,notification_templates,UPDATE,NO
postgres,app,notification_templates,DELETE,YES
postgres,app,notification_templates,INSERT,YES
postgres,app,notification_templates,REFERENCES,YES
postgres,app,notification_templates,SELECT,YES
postgres,app,notification_templates,TRIGGER,YES
postgres,app,notification_templates,TRUNCATE,YES
postgres,app,notification_templates,UPDATE,YES
anon,app,orders,DELETE,NO
anon,app,orders,INSERT,NO
anon,app,orders,SELECT,NO
anon,app,orders,UPDATE,NO
authenticated,app,orders,DELETE,NO
authenticated,app,orders,INSERT,NO
authenticated,app,orders,SELECT,NO
authenticated,app,orders,UPDATE,NO
postgres,app,orders,DELETE,YES
postgres,app,orders,INSERT,YES
postgres,app,orders,REFERENCES,YES
postgres,app,orders,SELECT,YES
postgres,app,orders,TRIGGER,YES
postgres,app,orders,TRUNCATE,YES
postgres,app,orders,UPDATE,YES
anon,app,pro_progress,DELETE,NO
anon,app,pro_progress,INSERT,NO
anon,app,pro_progress,SELECT,NO
anon,app,pro_progress,UPDATE,NO
authenticated,app,pro_progress,DELETE,NO
authenticated,app,pro_progress,INSERT,NO
authenticated,app,pro_progress,SELECT,NO
authenticated,app,pro_progress,UPDATE,NO
postgres,app,pro_progress,DELETE,YES
postgres,app,pro_progress,INSERT,YES
postgres,app,pro_progress,REFERENCES,YES
postgres,app,pro_progress,SELECT,YES
postgres,app,pro_progress,TRIGGER,YES
postgres,app,pro_progress,TRUNCATE,YES
postgres,app,pro_progress,UPDATE,YES
anon,app,pro_requirements,DELETE,NO
anon,app,pro_requirements,INSERT,NO
anon,app,pro_requirements,SELECT,NO
anon,app,pro_requirements,UPDATE,NO
authenticated,app,pro_requirements,DELETE,NO
authenticated,app,pro_requirements,INSERT,NO
authenticated,app,pro_requirements,SELECT,NO
authenticated,app,pro_requirements,UPDATE,NO
postgres,app,pro_requirements,DELETE,YES
postgres,app,pro_requirements,INSERT,YES
postgres,app,pro_requirements,REFERENCES,YES
postgres,app,pro_requirements,SELECT,YES
postgres,app,pro_requirements,TRIGGER,YES
postgres,app,pro_requirements,TRUNCATE,YES
postgres,app,pro_requirements,UPDATE,YES
anon,app,profiles,DELETE,NO
anon,app,profiles,INSERT,NO
anon,app,profiles,SELECT,NO
anon,app,profiles,UPDATE,NO
authenticated,app,profiles,DELETE,NO
authenticated,app,profiles,INSERT,NO
authenticated,app,profiles,SELECT,NO
authenticated,app,profiles,UPDATE,NO
postgres,app,profiles,DELETE,YES
postgres,app,profiles,INSERT,YES
postgres,app,profiles,REFERENCES,YES
postgres,app,profiles,SELECT,YES
postgres,app,profiles,TRIGGER,YES
postgres,app,profiles,TRUNCATE,YES
postgres,app,profiles,UPDATE,YES
anon,app,purchases,DELETE,NO
anon,app,purchases,INSERT,NO
anon,app,purchases,SELECT,NO
anon,app,purchases,UPDATE,NO
authenticated,app,purchases,DELETE,NO
authenticated,app,purchases,INSERT,NO
authenticated,app,purchases,SELECT,NO
authenticated,app,purchases,UPDATE,NO
postgres,app,purchases,DELETE,YES
postgres,app,purchases,INSERT,YES
postgres,app,purchases,REFERENCES,YES
postgres,app,purchases,SELECT,YES
postgres,app,purchases,TRIGGER,YES
postgres,app,purchases,TRUNCATE,YES
postgres,app,purchases,UPDATE,YES
anon,app,services,DELETE,NO
anon,app,services,INSERT,NO
anon,app,services,SELECT,NO
anon,app,services,UPDATE,NO
authenticated,app,services,DELETE,NO
authenticated,app,services,INSERT,NO
authenticated,app,services,SELECT,NO
authenticated,app,services,UPDATE,NO
postgres,app,services,DELETE,YES
postgres,app,services,INSERT,YES
postgres,app,services,REFERENCES,YES
postgres,app,services,SELECT,YES
postgres,app,services,TRIGGER,YES
postgres,app,services,TRUNCATE,YES
postgres,app,services,UPDATE,YES
anon,app,tarot_requests,DELETE,NO
anon,app,tarot_requests,INSERT,NO
anon,app,tarot_requests,SELECT,NO
anon,app,tarot_requests,UPDATE,NO
authenticated,app,tarot_requests,DELETE,NO
authenticated,app,tarot_requests,INSERT,NO
authenticated,app,tarot_requests,SELECT,NO
authenticated,app,tarot_requests,UPDATE,NO
postgres,app,tarot_requests,DELETE,YES
postgres,app,tarot_requests,INSERT,YES
postgres,app,tarot_requests,REFERENCES,YES
postgres,app,tarot_requests,SELECT,YES
postgres,app,tarot_requests,TRIGGER,YES
postgres,app,tarot_requests,TRUNCATE,YES
postgres,app,tarot_requests,UPDATE,YES
anon,app,teacher_approvals,DELETE,NO
anon,app,teacher_approvals,INSERT,NO
anon,app,teacher_approvals,SELECT,NO
anon,app,teacher_approvals,UPDATE,NO
authenticated,app,teacher_approvals,DELETE,NO
authenticated,app,teacher_approvals,INSERT,NO
authenticated,app,teacher_approvals,SELECT,NO
authenticated,app,teacher_approvals,UPDATE,NO
postgres,app,teacher_approvals,DELETE,YES
postgres,app,teacher_approvals,INSERT,YES
postgres,app,teacher_approvals,REFERENCES,YES
postgres,app,teacher_approvals,SELECT,YES
postgres,app,teacher_approvals,TRIGGER,YES
postgres,app,teacher_approvals,TRUNCATE,YES
postgres,app,teacher_approvals,UPDATE,YES
anon,app,teacher_directory,DELETE,NO
anon,app,teacher_directory,INSERT,NO
anon,app,teacher_directory,SELECT,NO
anon,app,teacher_directory,UPDATE,NO
authenticated,app,teacher_directory,DELETE,NO
authenticated,app,teacher_directory,INSERT,NO
authenticated,app,teacher_directory,SELECT,NO
authenticated,app,teacher_directory,UPDATE,NO
postgres,app,teacher_directory,DELETE,YES
postgres,app,teacher_directory,INSERT,YES
postgres,app,teacher_directory,REFERENCES,YES
postgres,app,teacher_directory,SELECT,YES
postgres,app,teacher_directory,TRIGGER,YES
postgres,app,teacher_directory,TRUNCATE,YES
postgres,app,teacher_directory,UPDATE,YES
anon,app,teacher_permissions,DELETE,NO
anon,app,teacher_permissions,INSERT,NO
anon,app,teacher_permissions,SELECT,NO
anon,app,teacher_permissions,UPDATE,NO
authenticated,app,teacher_permissions,DELETE,NO
authenticated,app,teacher_permissions,INSERT,NO
authenticated,app,teacher_permissions,SELECT,NO
authenticated,app,teacher_permissions,UPDATE,NO
postgres,app,teacher_permissions,DELETE,YES
postgres,app,teacher_permissions,INSERT,YES
postgres,app,teacher_permissions,REFERENCES,YES
postgres,app,teacher_permissions,SELECT,YES
postgres,app,teacher_permissions,TRIGGER,YES
postgres,app,teacher_permissions,TRUNCATE,YES
postgres,app,teacher_permissions,UPDATE,YES
anon,app,teacher_requests,DELETE,NO
anon,app,teacher_requests,INSERT,NO
anon,app,teacher_requests,SELECT,NO
anon,app,teacher_requests,UPDATE,NO
authenticated,app,teacher_requests,DELETE,NO
authenticated,app,teacher_requests,INSERT,NO
authenticated,app,teacher_requests,SELECT,NO
authenticated,app,teacher_requests,UPDATE,NO
postgres,app,teacher_requests,DELETE,YES
postgres,app,teacher_requests,INSERT,YES
postgres,app,teacher_requests,REFERENCES,YES
postgres,app,teacher_requests,SELECT,YES
postgres,app,teacher_requests,TRIGGER,YES
postgres,app,teacher_requests,TRUNCATE,YES
postgres,app,teacher_requests,UPDATE,YES
anon,app,teacher_slots,DELETE,NO
anon,app,teacher_slots,INSERT,NO
anon,app,teacher_slots,SELECT,NO
anon,app,teacher_slots,UPDATE,NO
authenticated,app,teacher_slots,DELETE,NO
authenticated,app,teacher_slots,INSERT,NO
authenticated,app,teacher_slots,SELECT,NO
authenticated,app,teacher_slots,UPDATE,NO
postgres,app,teacher_slots,DELETE,YES
postgres,app,teacher_slots,INSERT,YES
postgres,app,teacher_slots,REFERENCES,YES
postgres,app,teacher_slots,SELECT,YES
postgres,app,teacher_slots,TRIGGER,YES
postgres,app,teacher_slots,TRUNCATE,YES
postgres,app,teacher_slots,UPDATE,YES
postgres,auth,audit_log_entries,DELETE,NO
postgres,auth,audit_log_entries,INSERT,NO
postgres,auth,audit_log_entries,REFERENCES,NO
postgres,auth,audit_log_entries,SELECT,YES
postgres,auth,audit_log_entries,TRIGGER,NO
postgres,auth,audit_log_entries,TRUNCATE,NO
postgres,auth,audit_log_entries,UPDATE,NO
postgres,auth,flow_state,DELETE,NO
postgres,auth,flow_state,INSERT,NO
postgres,auth,flow_state,REFERENCES,NO
postgres,auth,flow_state,SELECT,YES
postgres,auth,flow_state,TRIGGER,NO
postgres,auth,flow_state,TRUNCATE,NO
postgres,auth,flow_state,UPDATE,NO
postgres,auth,identities,DELETE,NO
postgres,auth,identities,INSERT,NO
postgres,auth,identities,REFERENCES,NO
postgres,auth,identities,SELECT,YES
postgres,auth,identities,TRIGGER,NO
postgres,auth,identities,TRUNCATE,NO
postgres,auth,identities,UPDATE,NO
postgres,auth,instances,DELETE,NO
postgres,auth,instances,INSERT,NO
postgres,auth,instances,REFERENCES,NO
postgres,auth,instances,SELECT,YES
postgres,auth,instances,TRIGGER,NO
postgres,auth,instances,TRUNCATE,NO
postgres,auth,instances,UPDATE,NO
postgres,auth,mfa_amr_claims,DELETE,NO
postgres,auth,mfa_amr_claims,INSERT,NO
postgres,auth,mfa_amr_claims,REFERENCES,NO
postgres,auth,mfa_amr_claims,SELECT,YES
postgres,auth,mfa_amr_claims,TRIGGER,NO
postgres,auth,mfa_amr_claims,TRUNCATE,NO
postgres,auth,mfa_amr_claims,UPDATE,NO
postgres,auth,mfa_challenges,DELETE,NO
postgres,auth,mfa_challenges,INSERT,NO
postgres,auth,mfa_challenges,REFERENCES,NO
postgres,auth,mfa_challenges,SELECT,YES
postgres,auth,mfa_challenges,TRIGGER,NO
postgres,auth,mfa_challenges,TRUNCATE,NO
postgres,auth,mfa_challenges,UPDATE,NO
postgres,auth,mfa_factors,DELETE,NO
postgres,auth,mfa_factors,INSERT,NO
postgres,auth,mfa_factors,REFERENCES,NO
postgres,auth,mfa_factors,SELECT,YES
postgres,auth,mfa_factors,TRIGGER,NO
postgres,auth,mfa_factors,TRUNCATE,NO
postgres,auth,mfa_factors,UPDATE,NO
postgres,auth,oauth_clients,DELETE,NO
postgres,auth,oauth_clients,INSERT,NO
postgres,auth,oauth_clients,REFERENCES,NO
postgres,auth,oauth_clients,SELECT,NO
postgres,auth,oauth_clients,TRIGGER,NO
postgres,auth,oauth_clients,TRUNCATE,NO
postgres,auth,oauth_clients,UPDATE,NO
postgres,auth,one_time_tokens,DELETE,NO
postgres,auth,one_time_tokens,INSERT,NO
postgres,auth,one_time_tokens,REFERENCES,NO
postgres,auth,one_time_tokens,SELECT,YES
postgres,auth,one_time_tokens,TRIGGER,NO
postgres,auth,one_time_tokens,TRUNCATE,NO
postgres,auth,one_time_tokens,UPDATE,NO
postgres,auth,refresh_tokens,DELETE,NO
postgres,auth,refresh_tokens,INSERT,NO
postgres,auth,refresh_tokens,REFERENCES,NO
postgres,auth,refresh_tokens,SELECT,YES
postgres,auth,refresh_tokens,TRIGGER,NO
postgres,auth,refresh_tokens,TRUNCATE,NO
postgres,auth,refresh_tokens,UPDATE,NO
postgres,auth,saml_providers,DELETE,NO
postgres,auth,saml_providers,INSERT,NO
postgres,auth,saml_providers,REFERENCES,NO
postgres,auth,saml_providers,SELECT,YES
postgres,auth,saml_providers,TRIGGER,NO
postgres,auth,saml_providers,TRUNCATE,NO
postgres,auth,saml_providers,UPDATE,NO
postgres,auth,saml_relay_states,DELETE,NO
postgres,auth,saml_relay_states,INSERT,NO
postgres,auth,saml_relay_states,REFERENCES,NO
postgres,auth,saml_relay_states,SELECT,YES
postgres,auth,saml_relay_states,TRIGGER,NO
postgres,auth,saml_relay_states,TRUNCATE,NO
postgres,auth,saml_relay_states,UPDATE,NO
postgres,auth,sessions,DELETE,NO
postgres,auth,sessions,INSERT,NO
postgres,auth,sessions,REFERENCES,NO
postgres,auth,sessions,SELECT,YES
postgres,auth,sessions,TRIGGER,NO
postgres,auth,sessions,TRUNCATE,NO
postgres,auth,sessions,UPDATE,NO
postgres,auth,sso_domains,DELETE,NO
postgres,auth,sso_domains,INSERT,NO
postgres,auth,sso_domains,REFERENCES,NO
postgres,auth,sso_domains,SELECT,YES
postgres,auth,sso_domains,TRIGGER,NO
postgres,auth,sso_domains,TRUNCATE,NO
postgres,auth,sso_domains,UPDATE,NO
postgres,auth,sso_providers,DELETE,NO
postgres,auth,sso_providers,INSERT,NO
postgres,auth,sso_providers,REFERENCES,NO
postgres,auth,sso_providers,SELECT,YES
postgres,auth,sso_providers,TRIGGER,NO
postgres,auth,sso_providers,TRUNCATE,NO
postgres,auth,sso_providers,UPDATE,NO
postgres,auth,users,DELETE,NO
postgres,auth,users,INSERT,NO
postgres,auth,users,REFERENCES,NO
postgres,auth,users,SELECT,YES
postgres,auth,users,TRIGGER,NO
postgres,auth,users,TRUNCATE,NO
postgres,auth,users,UPDATE,NO
PUBLIC,extensions,pg_stat_statements,SELECT,NO
dashboard_user,extensions,pg_stat_statements,DELETE,NO
dashboard_user,extensions,pg_stat_statements,INSERT,NO
dashboard_user,extensions,pg_stat_statements,REFERENCES,NO
dashboard_user,extensions,pg_stat_statements,SELECT,NO
dashboard_user,extensions,pg_stat_statements,TRIGGER,NO
dashboard_user,extensions,pg_stat_statements,TRUNCATE,NO
dashboard_user,extensions,pg_stat_statements,UPDATE,NO
postgres,extensions,pg_stat_statements,DELETE,YES
postgres,extensions,pg_stat_statements,INSERT,YES
postgres,extensions,pg_stat_statements,REFERENCES,YES
postgres,extensions,pg_stat_statements,SELECT,YES
postgres,extensions,pg_stat_statements,TRIGGER,YES
postgres,extensions,pg_stat_statements,TRUNCATE,YES
postgres,extensions,pg_stat_statements,UPDATE,YES
PUBLIC,extensions,pg_stat_statements_info,SELECT,NO
dashboard_user,extensions,pg_stat_statements_info,DELETE,NO
dashboard_user,extensions,pg_stat_statements_info,INSERT,NO
dashboard_user,extensions,pg_stat_statements_info,REFERENCES,NO
dashboard_user,extensions,pg_stat_statements_info,SELECT,NO
dashboard_user,extensions,pg_stat_statements_info,TRIGGER,NO
dashboard_user,extensions,pg_stat_statements_info,TRUNCATE,NO
dashboard_user,extensions,pg_stat_statements_info,UPDATE,NO
postgres,extensions,pg_stat_statements_info,DELETE,YES
postgres,extensions,pg_stat_statements_info,INSERT,YES
postgres,extensions,pg_stat_statements_info,REFERENCES,YES
postgres,extensions,pg_stat_statements_info,SELECT,YES
postgres,extensions,pg_stat_statements_info,TRIGGER,YES
postgres,extensions,pg_stat_statements_info,TRUNCATE,YES
postgres,extensions,pg_stat_statements_info,UPDATE,YES
anon,public,admin_keys,DELETE,NO
anon,public,admin_keys,INSERT,NO
anon,public,admin_keys,REFERENCES,NO
anon,public,admin_keys,SELECT,NO
anon,public,admin_keys,TRIGGER,NO
anon,public,admin_keys,TRUNCATE,NO
anon,public,admin_keys,UPDATE,NO
authenticated,public,admin_keys,DELETE,NO
authenticated,public,admin_keys,INSERT,NO
authenticated,public,admin_keys,REFERENCES,NO
authenticated,public,admin_keys,SELECT,NO
authenticated,public,admin_keys,TRIGGER,NO
authenticated,public,admin_keys,TRUNCATE,NO
authenticated,public,admin_keys,UPDATE,NO
postgres,public,admin_keys,DELETE,YES
postgres,public,admin_keys,INSERT,YES
postgres,public,admin_keys,REFERENCES,YES
postgres,public,admin_keys,SELECT,YES
postgres,public,admin_keys,TRIGGER,YES
postgres,public,admin_keys,TRUNCATE,YES
postgres,public,admin_keys,UPDATE,YES
service_role,public,admin_keys,DELETE,NO
service_role,public,admin_keys,INSERT,NO
service_role,public,admin_keys,REFERENCES,NO
service_role,public,admin_keys,SELECT,NO
service_role,public,admin_keys,TRIGGER,NO
service_role,public,admin_keys,TRUNCATE,NO
service_role,public,admin_keys,UPDATE,NO
anon,public,availability_slots,DELETE,NO
anon,public,availability_slots,INSERT,NO
anon,public,availability_slots,REFERENCES,NO
anon,public,availability_slots,SELECT,NO
anon,public,availability_slots,TRIGGER,NO
anon,public,availability_slots,TRUNCATE,NO
anon,public,availability_slots,UPDATE,NO
authenticated,public,availability_slots,DELETE,NO
authenticated,public,availability_slots,INSERT,NO
authenticated,public,availability_slots,REFERENCES,NO
authenticated,public,availability_slots,SELECT,NO
authenticated,public,availability_slots,TRIGGER,NO
authenticated,public,availability_slots,TRUNCATE,NO
authenticated,public,availability_slots,UPDATE,NO
postgres,public,availability_slots,DELETE,YES
postgres,public,availability_slots,INSERT,YES
postgres,public,availability_slots,REFERENCES,YES
postgres,public,availability_slots,SELECT,YES
postgres,public,availability_slots,TRIGGER,YES
postgres,public,availability_slots,TRUNCATE,YES
postgres,public,availability_slots,UPDATE,YES
service_role,public,availability_slots,DELETE,NO
service_role,public,availability_slots,INSERT,NO
service_role,public,availability_slots,REFERENCES,NO
service_role,public,availability_slots,SELECT,NO
service_role,public,availability_slots,TRIGGER,NO
service_role,public,availability_slots,TRUNCATE,NO
service_role,public,availability_slots,UPDATE,NO
anon,public,bookings,DELETE,NO
anon,public,bookings,INSERT,NO
anon,public,bookings,REFERENCES,NO
anon,public,bookings,SELECT,NO
anon,public,bookings,TRIGGER,NO
anon,public,bookings,TRUNCATE,NO
anon,public,bookings,UPDATE,NO
authenticated,public,bookings,DELETE,NO
authenticated,public,bookings,INSERT,NO
authenticated,public,bookings,REFERENCES,NO
authenticated,public,bookings,SELECT,NO
authenticated,public,bookings,TRIGGER,NO
authenticated,public,bookings,TRUNCATE,NO
authenticated,public,bookings,UPDATE,NO
postgres,public,bookings,DELETE,YES
postgres,public,bookings,INSERT,YES
postgres,public,bookings,REFERENCES,YES
postgres,public,bookings,SELECT,YES
postgres,public,bookings,TRIGGER,YES
postgres,public,bookings,TRUNCATE,YES
postgres,public,bookings,UPDATE,YES
service_role,public,bookings,DELETE,NO
service_role,public,bookings,INSERT,NO
service_role,public,bookings,REFERENCES,NO
service_role,public,bookings,SELECT,NO
service_role,public,bookings,TRIGGER,NO
service_role,public,bookings,TRUNCATE,NO
service_role,public,bookings,UPDATE,NO
anon,public,certificates,DELETE,NO
anon,public,certificates,INSERT,NO
anon,public,certificates,REFERENCES,NO
anon,public,certificates,SELECT,NO
anon,public,certificates,TRIGGER,NO
anon,public,certificates,TRUNCATE,NO
anon,public,certificates,UPDATE,NO
authenticated,public,certificates,DELETE,NO
authenticated,public,certificates,INSERT,NO
authenticated,public,certificates,REFERENCES,NO
authenticated,public,certificates,SELECT,NO
authenticated,public,certificates,TRIGGER,NO
authenticated,public,certificates,TRUNCATE,NO
authenticated,public,certificates,UPDATE,NO
postgres,public,certificates,DELETE,YES
postgres,public,certificates,INSERT,YES
postgres,public,certificates,REFERENCES,YES
postgres,public,certificates,SELECT,YES
postgres,public,certificates,TRIGGER,YES
postgres,public,certificates,TRUNCATE,YES
postgres,public,certificates,UPDATE,YES
service_role,public,certificates,DELETE,NO
service_role,public,certificates,INSERT,NO
service_role,public,certificates,REFERENCES,NO
service_role,public,certificates,SELECT,NO
service_role,public,certificates,TRIGGER,NO
service_role,public,certificates,TRUNCATE,NO
service_role,public,certificates,UPDATE,NO
anon,public,coupons,DELETE,NO
anon,public,coupons,INSERT,NO
anon,public,coupons,REFERENCES,NO
anon,public,coupons,SELECT,NO
anon,public,coupons,TRIGGER,NO
anon,public,coupons,TRUNCATE,NO
anon,public,coupons,UPDATE,NO
authenticated,public,coupons,DELETE,NO
authenticated,public,coupons,INSERT,NO
authenticated,public,coupons,REFERENCES,NO
authenticated,public,coupons,SELECT,NO
authenticated,public,coupons,TRIGGER,NO
authenticated,public,coupons,TRUNCATE,NO
authenticated,public,coupons,UPDATE,NO
postgres,public,coupons,DELETE,YES
postgres,public,coupons,INSERT,YES
postgres,public,coupons,REFERENCES,YES
postgres,public,coupons,SELECT,YES
postgres,public,coupons,TRIGGER,YES
postgres,public,coupons,TRUNCATE,YES
postgres,public,coupons,UPDATE,YES
service_role,public,coupons,DELETE,NO
service_role,public,coupons,INSERT,NO
service_role,public,coupons,REFERENCES,NO
service_role,public,coupons,SELECT,NO
service_role,public,coupons,TRIGGER,NO
service_role,public,coupons,TRUNCATE,NO
service_role,public,coupons,UPDATE,NO
anon,public,course_enrollments,DELETE,NO
anon,public,course_enrollments,INSERT,NO
anon,public,course_enrollments,REFERENCES,NO
anon,public,course_enrollments,SELECT,NO
anon,public,course_enrollments,TRIGGER,NO
anon,public,course_enrollments,TRUNCATE,NO
anon,public,course_enrollments,UPDATE,NO
authenticated,public,course_enrollments,DELETE,NO
authenticated,public,course_enrollments,INSERT,NO
authenticated,public,course_enrollments,REFERENCES,NO
authenticated,public,course_enrollments,SELECT,NO
authenticated,public,course_enrollments,TRIGGER,NO
authenticated,public,course_enrollments,TRUNCATE,NO
authenticated,public,course_enrollments,UPDATE,NO
postgres,public,course_enrollments,DELETE,YES
postgres,public,course_enrollments,INSERT,YES
postgres,public,course_enrollments,REFERENCES,YES
postgres,public,course_enrollments,SELECT,YES
postgres,public,course_enrollments,TRIGGER,YES
postgres,public,course_enrollments,TRUNCATE,YES
postgres,public,course_enrollments,UPDATE,YES
service_role,public,course_enrollments,DELETE,NO
service_role,public,course_enrollments,INSERT,NO
service_role,public,course_enrollments,REFERENCES,NO
service_role,public,course_enrollments,SELECT,NO
service_role,public,course_enrollments,TRIGGER,NO
service_role,public,course_enrollments,TRUNCATE,NO
service_role,public,course_enrollments,UPDATE,NO
anon,public,course_modules,DELETE,NO
anon,public,course_modules,INSERT,NO
anon,public,course_modules,REFERENCES,NO
anon,public,course_modules,SELECT,NO
anon,public,course_modules,TRIGGER,NO
anon,public,course_modules,TRUNCATE,NO
anon,public,course_modules,UPDATE,NO
authenticated,public,course_modules,DELETE,NO
authenticated,public,course_modules,INSERT,NO
authenticated,public,course_modules,REFERENCES,NO
authenticated,public,course_modules,SELECT,NO
authenticated,public,course_modules,TRIGGER,NO
authenticated,public,course_modules,TRUNCATE,NO
authenticated,public,course_modules,UPDATE,NO
postgres,public,course_modules,DELETE,YES
postgres,public,course_modules,INSERT,YES
postgres,public,course_modules,REFERENCES,YES
postgres,public,course_modules,SELECT,YES
postgres,public,course_modules,TRIGGER,YES
postgres,public,course_modules,TRUNCATE,YES
postgres,public,course_modules,UPDATE,YES
service_role,public,course_modules,DELETE,NO
service_role,public,course_modules,INSERT,NO
service_role,public,course_modules,REFERENCES,NO
service_role,public,course_modules,SELECT,NO
service_role,public,course_modules,TRIGGER,NO
service_role,public,course_modules,TRUNCATE,NO
service_role,public,course_modules,UPDATE,NO
anon,public,course_quizzes,DELETE,NO
anon,public,course_quizzes,INSERT,NO
anon,public,course_quizzes,REFERENCES,NO
anon,public,course_quizzes,SELECT,NO
anon,public,course_quizzes,TRIGGER,NO
anon,public,course_quizzes,TRUNCATE,NO
anon,public,course_quizzes,UPDATE,NO
authenticated,public,course_quizzes,DELETE,NO
authenticated,public,course_quizzes,INSERT,NO
authenticated,public,course_quizzes,REFERENCES,NO
authenticated,public,course_quizzes,SELECT,NO
authenticated,public,course_quizzes,TRIGGER,NO
authenticated,public,course_quizzes,TRUNCATE,NO
authenticated,public,course_quizzes,UPDATE,NO
postgres,public,course_quizzes,DELETE,YES
postgres,public,course_quizzes,INSERT,YES
postgres,public,course_quizzes,REFERENCES,YES
postgres,public,course_quizzes,SELECT,YES
postgres,public,course_quizzes,TRIGGER,YES
postgres,public,course_quizzes,TRUNCATE,YES
postgres,public,course_quizzes,UPDATE,YES
service_role,public,course_quizzes,DELETE,NO
service_role,public,course_quizzes,INSERT,NO
service_role,public,course_quizzes,REFERENCES,NO
service_role,public,course_quizzes,SELECT,NO
service_role,public,course_quizzes,TRIGGER,NO
service_role,public,course_quizzes,TRUNCATE,NO
service_role,public,course_quizzes,UPDATE,NO
anon,public,courses,DELETE,NO
anon,public,courses,INSERT,NO
anon,public,courses,REFERENCES,NO
anon,public,courses,SELECT,NO
anon,public,courses,TRIGGER,NO
anon,public,courses,TRUNCATE,NO
anon,public,courses,UPDATE,NO
authenticated,public,courses,DELETE,NO
authenticated,public,courses,INSERT,NO
authenticated,public,courses,REFERENCES,NO
authenticated,public,courses,SELECT,NO
authenticated,public,courses,TRIGGER,NO
authenticated,public,courses,TRUNCATE,NO
authenticated,public,courses,UPDATE,NO
postgres,public,courses,DELETE,YES
postgres,public,courses,INSERT,YES
postgres,public,courses,REFERENCES,YES
postgres,public,courses,SELECT,YES
postgres,public,courses,TRIGGER,YES
postgres,public,courses,TRUNCATE,YES
postgres,public,courses,UPDATE,YES
service_role,public,courses,DELETE,NO
service_role,public,courses,INSERT,NO
service_role,public,courses,REFERENCES,NO
service_role,public,courses,SELECT,NO
service_role,public,courses,TRIGGER,NO
service_role,public,courses,TRUNCATE,NO
service_role,public,courses,UPDATE,NO
anon,public,lesson_media,DELETE,NO
anon,public,lesson_media,INSERT,NO
anon,public,lesson_media,REFERENCES,NO
anon,public,lesson_media,SELECT,NO
anon,public,lesson_media,TRIGGER,NO
anon,public,lesson_media,TRUNCATE,NO
anon,public,lesson_media,UPDATE,NO
authenticated,public,lesson_media,DELETE,NO
authenticated,public,lesson_media,INSERT,NO
authenticated,public,lesson_media,REFERENCES,NO
authenticated,public,lesson_media,SELECT,NO
authenticated,public,lesson_media,TRIGGER,NO
authenticated,public,lesson_media,TRUNCATE,NO
authenticated,public,lesson_media,UPDATE,NO
postgres,public,lesson_media,DELETE,YES
postgres,public,lesson_media,INSERT,YES
postgres,public,lesson_media,REFERENCES,YES
postgres,public,lesson_media,SELECT,YES
postgres,public,lesson_media,TRIGGER,YES
postgres,public,lesson_media,TRUNCATE,YES
postgres,public,lesson_media,UPDATE,YES
service_role,public,lesson_media,DELETE,NO
service_role,public,lesson_media,INSERT,NO
service_role,public,lesson_media,REFERENCES,NO
service_role,public,lesson_media,SELECT,NO
service_role,public,lesson_media,TRIGGER,NO
service_role,public,lesson_media,TRUNCATE,NO
service_role,public,lesson_media,UPDATE,NO
anon,public,lessons,DELETE,NO
anon,public,lessons,INSERT,NO
anon,public,lessons,REFERENCES,NO
anon,public,lessons,SELECT,NO
anon,public,lessons,TRIGGER,NO
anon,public,lessons,TRUNCATE,NO
anon,public,lessons,UPDATE,NO
authenticated,public,lessons,DELETE,NO
authenticated,public,lessons,INSERT,NO
authenticated,public,lessons,REFERENCES,NO
authenticated,public,lessons,SELECT,NO
authenticated,public,lessons,TRIGGER,NO
authenticated,public,lessons,TRUNCATE,NO
authenticated,public,lessons,UPDATE,NO
postgres,public,lessons,DELETE,YES
postgres,public,lessons,INSERT,YES
postgres,public,lessons,REFERENCES,YES
postgres,public,lessons,SELECT,YES
postgres,public,lessons,TRIGGER,YES
postgres,public,lessons,TRUNCATE,YES
postgres,public,lessons,UPDATE,YES
service_role,public,lessons,DELETE,NO
service_role,public,lessons,INSERT,NO
service_role,public,lessons,REFERENCES,NO
service_role,public,lessons,SELECT,NO
service_role,public,lessons,TRIGGER,NO
service_role,public,lessons,TRUNCATE,NO
service_role,public,lessons,UPDATE,NO
anon,public,messages,DELETE,NO
anon,public,messages,INSERT,NO
anon,public,messages,REFERENCES,NO
anon,public,messages,SELECT,NO
anon,public,messages,TRIGGER,NO
anon,public,messages,TRUNCATE,NO
anon,public,messages,UPDATE,NO
authenticated,public,messages,DELETE,NO
authenticated,public,messages,INSERT,NO
authenticated,public,messages,REFERENCES,NO
authenticated,public,messages,SELECT,NO
authenticated,public,messages,TRIGGER,NO
authenticated,public,messages,TRUNCATE,NO
authenticated,public,messages,UPDATE,NO
postgres,public,messages,DELETE,YES
postgres,public,messages,INSERT,YES
postgres,public,messages,REFERENCES,YES
postgres,public,messages,SELECT,YES
postgres,public,messages,TRIGGER,YES
postgres,public,messages,TRUNCATE,YES
postgres,public,messages,UPDATE,YES
service_role,public,messages,DELETE,NO
service_role,public,messages,INSERT,NO
service_role,public,messages,REFERENCES,NO
service_role,public,messages,SELECT,NO
service_role,public,messages,TRIGGER,NO
service_role,public,messages,TRUNCATE,NO
service_role,public,messages,UPDATE,NO
anon,public,modules,DELETE,NO
anon,public,modules,INSERT,NO
anon,public,modules,REFERENCES,NO
anon,public,modules,SELECT,NO
anon,public,modules,TRIGGER,NO
anon,public,modules,TRUNCATE,NO
anon,public,modules,UPDATE,NO
authenticated,public,modules,DELETE,NO
authenticated,public,modules,INSERT,NO
authenticated,public,modules,REFERENCES,NO
authenticated,public,modules,SELECT,NO
authenticated,public,modules,TRIGGER,NO
authenticated,public,modules,TRUNCATE,NO
authenticated,public,modules,UPDATE,NO
postgres,public,modules,DELETE,YES
postgres,public,modules,INSERT,YES
postgres,public,modules,REFERENCES,YES
postgres,public,modules,SELECT,YES
postgres,public,modules,TRIGGER,YES
postgres,public,modules,TRUNCATE,YES
postgres,public,modules,UPDATE,YES
service_role,public,modules,DELETE,NO
service_role,public,modules,INSERT,NO
service_role,public,modules,REFERENCES,NO
service_role,public,modules,SELECT,NO
service_role,public,modules,TRIGGER,NO
service_role,public,modules,TRUNCATE,NO
service_role,public,modules,UPDATE,NO
anon,public,notifications,DELETE,NO
anon,public,notifications,INSERT,NO
anon,public,notifications,REFERENCES,NO
anon,public,notifications,SELECT,NO
anon,public,notifications,TRIGGER,NO
anon,public,notifications,TRUNCATE,NO
anon,public,notifications,UPDATE,NO
authenticated,public,notifications,DELETE,NO
authenticated,public,notifications,INSERT,NO
authenticated,public,notifications,REFERENCES,NO
authenticated,public,notifications,SELECT,NO
authenticated,public,notifications,TRIGGER,NO
authenticated,public,notifications,TRUNCATE,NO
authenticated,public,notifications,UPDATE,NO
postgres,public,notifications,DELETE,YES
postgres,public,notifications,INSERT,YES
postgres,public,notifications,REFERENCES,YES
postgres,public,notifications,SELECT,YES
postgres,public,notifications,TRIGGER,YES
postgres,public,notifications,TRUNCATE,YES
postgres,public,notifications,UPDATE,YES
service_role,public,notifications,DELETE,NO
service_role,public,notifications,INSERT,NO
service_role,public,notifications,REFERENCES,NO
service_role,public,notifications,SELECT,NO
service_role,public,notifications,TRIGGER,NO
service_role,public,notifications,TRUNCATE,NO
service_role,public,notifications,UPDATE,NO
anon,public,profiles,DELETE,NO
anon,public,profiles,INSERT,NO
anon,public,profiles,REFERENCES,NO
anon,public,profiles,SELECT,NO
anon,public,profiles,TRIGGER,NO
anon,public,profiles,TRUNCATE,NO
anon,public,profiles,UPDATE,NO
authenticated,public,profiles,DELETE,NO
authenticated,public,profiles,INSERT,NO
authenticated,public,profiles,REFERENCES,NO
authenticated,public,profiles,SELECT,NO
authenticated,public,profiles,TRIGGER,NO
authenticated,public,profiles,TRUNCATE,NO
authenticated,public,profiles,UPDATE,NO
postgres,public,profiles,DELETE,YES
postgres,public,profiles,INSERT,YES
postgres,public,profiles,REFERENCES,YES
postgres,public,profiles,SELECT,YES
postgres,public,profiles,TRIGGER,YES
postgres,public,profiles,TRUNCATE,YES
postgres,public,profiles,UPDATE,YES
service_role,public,profiles,DELETE,NO
service_role,public,profiles,INSERT,NO
service_role,public,profiles,REFERENCES,NO
service_role,public,profiles,SELECT,NO
service_role,public,profiles,TRIGGER,NO
service_role,public,profiles,TRUNCATE,NO
service_role,public,profiles,UPDATE,NO
anon,public,public_teacher_info,DELETE,NO
anon,public,public_teacher_info,INSERT,NO
anon,public,public_teacher_info,REFERENCES,NO
anon,public,public_teacher_info,SELECT,NO
anon,public,public_teacher_info,TRIGGER,NO
anon,public,public_teacher_info,TRUNCATE,NO
anon,public,public_teacher_info,UPDATE,NO
authenticated,public,public_teacher_info,DELETE,NO
authenticated,public,public_teacher_info,INSERT,NO
authenticated,public,public_teacher_info,REFERENCES,NO
authenticated,public,public_teacher_info,SELECT,NO
authenticated,public,public_teacher_info,TRIGGER,NO
authenticated,public,public_teacher_info,TRUNCATE,NO
authenticated,public,public_teacher_info,UPDATE,NO
postgres,public,public_teacher_info,DELETE,YES
postgres,public,public_teacher_info,INSERT,YES
postgres,public,public_teacher_info,REFERENCES,YES
postgres,public,public_teacher_info,SELECT,YES
postgres,public,public_teacher_info,TRIGGER,YES
postgres,public,public_teacher_info,TRUNCATE,YES
postgres,public,public_teacher_info,UPDATE,YES
service_role,public,public_teacher_info,DELETE,NO
service_role,public,public_teacher_info,INSERT,NO
service_role,public,public_teacher_info,REFERENCES,NO
service_role,public,public_teacher_info,SELECT,NO
service_role,public,public_teacher_info,TRIGGER,NO
service_role,public,public_teacher_info,TRUNCATE,NO
service_role,public,public_teacher_info,UPDATE,NO
anon,public,quiz_attempts,DELETE,NO
anon,public,quiz_attempts,INSERT,NO
anon,public,quiz_attempts,REFERENCES,NO
anon,public,quiz_attempts,SELECT,NO
anon,public,quiz_attempts,TRIGGER,NO
anon,public,quiz_attempts,TRUNCATE,NO
anon,public,quiz_attempts,UPDATE,NO
authenticated,public,quiz_attempts,DELETE,NO
authenticated,public,quiz_attempts,INSERT,NO
authenticated,public,quiz_attempts,REFERENCES,NO
authenticated,public,quiz_attempts,SELECT,NO
authenticated,public,quiz_attempts,TRIGGER,NO
authenticated,public,quiz_attempts,TRUNCATE,NO
authenticated,public,quiz_attempts,UPDATE,NO
postgres,public,quiz_attempts,DELETE,YES
postgres,public,quiz_attempts,INSERT,YES
postgres,public,quiz_attempts,REFERENCES,YES
postgres,public,quiz_attempts,SELECT,YES
postgres,public,quiz_attempts,TRIGGER,YES
postgres,public,quiz_attempts,TRUNCATE,YES
postgres,public,quiz_attempts,UPDATE,YES
service_role,public,quiz_attempts,DELETE,NO
service_role,public,quiz_attempts,INSERT,NO
service_role,public,quiz_attempts,REFERENCES,NO
service_role,public,quiz_attempts,SELECT,NO
service_role,public,quiz_attempts,TRIGGER,NO
service_role,public,quiz_attempts,TRUNCATE,NO
service_role,public,quiz_attempts,UPDATE,NO
anon,public,quiz_questions,DELETE,NO
anon,public,quiz_questions,INSERT,NO
anon,public,quiz_questions,REFERENCES,NO
anon,public,quiz_questions,SELECT,NO
anon,public,quiz_questions,TRIGGER,NO
anon,public,quiz_questions,TRUNCATE,NO
anon,public,quiz_questions,UPDATE,NO
authenticated,public,quiz_questions,DELETE,NO
authenticated,public,quiz_questions,INSERT,NO
authenticated,public,quiz_questions,REFERENCES,NO
authenticated,public,quiz_questions,SELECT,NO
authenticated,public,quiz_questions,TRIGGER,NO
authenticated,public,quiz_questions,TRUNCATE,NO
authenticated,public,quiz_questions,UPDATE,NO
postgres,public,quiz_questions,DELETE,YES
postgres,public,quiz_questions,INSERT,YES
postgres,public,quiz_questions,REFERENCES,YES
postgres,public,quiz_questions,SELECT,YES
postgres,public,quiz_questions,TRIGGER,YES
postgres,public,quiz_questions,TRUNCATE,YES
postgres,public,quiz_questions,UPDATE,YES
service_role,public,quiz_questions,DELETE,NO
service_role,public,quiz_questions,INSERT,NO
service_role,public,quiz_questions,REFERENCES,NO
service_role,public,quiz_questions,SELECT,NO
service_role,public,quiz_questions,TRIGGER,NO
service_role,public,quiz_questions,TRUNCATE,NO
service_role,public,quiz_questions,UPDATE,NO
anon,public,services,DELETE,NO
anon,public,services,INSERT,NO
anon,public,services,REFERENCES,NO
anon,public,services,SELECT,NO
anon,public,services,TRIGGER,NO
anon,public,services,TRUNCATE,NO
anon,public,services,UPDATE,NO
authenticated,public,services,DELETE,NO
authenticated,public,services,INSERT,NO
authenticated,public,services,REFERENCES,NO
authenticated,public,services,SELECT,NO
authenticated,public,services,TRIGGER,NO
authenticated,public,services,TRUNCATE,NO
authenticated,public,services,UPDATE,NO
postgres,public,services,DELETE,YES
postgres,public,services,INSERT,YES
postgres,public,services,REFERENCES,YES
postgres,public,services,SELECT,YES
postgres,public,services,TRIGGER,YES
postgres,public,services,TRUNCATE,YES
postgres,public,services,UPDATE,YES
service_role,public,services,DELETE,NO
service_role,public,services,INSERT,NO
service_role,public,services,REFERENCES,NO
service_role,public,services,SELECT,NO
service_role,public,services,TRIGGER,NO
service_role,public,services,TRUNCATE,NO
service_role,public,services,UPDATE,NO
anon,public,subscription_plans,DELETE,NO
anon,public,subscription_plans,INSERT,NO
anon,public,subscription_plans,REFERENCES,NO
anon,public,subscription_plans,SELECT,NO
anon,public,subscription_plans,TRIGGER,NO
anon,public,subscription_plans,TRUNCATE,NO
anon,public,subscription_plans,UPDATE,NO
authenticated,public,subscription_plans,DELETE,NO
authenticated,public,subscription_plans,INSERT,NO
authenticated,public,subscription_plans,REFERENCES,NO
authenticated,public,subscription_plans,SELECT,NO
authenticated,public,subscription_plans,TRIGGER,NO
authenticated,public,subscription_plans,TRUNCATE,NO
authenticated,public,subscription_plans,UPDATE,NO
postgres,public,subscription_plans,DELETE,YES
postgres,public,subscription_plans,INSERT,YES
postgres,public,subscription_plans,REFERENCES,YES
postgres,public,subscription_plans,SELECT,YES
postgres,public,subscription_plans,TRIGGER,YES
postgres,public,subscription_plans,TRUNCATE,YES
postgres,public,subscription_plans,UPDATE,YES
service_role,public,subscription_plans,DELETE,NO
service_role,public,subscription_plans,INSERT,NO
service_role,public,subscription_plans,REFERENCES,NO
service_role,public,subscription_plans,SELECT,NO
service_role,public,subscription_plans,TRIGGER,NO
service_role,public,subscription_plans,TRUNCATE,NO
service_role,public,subscription_plans,UPDATE,NO
anon,public,subscriptions,DELETE,NO
anon,public,subscriptions,INSERT,NO
anon,public,subscriptions,REFERENCES,NO
anon,public,subscriptions,SELECT,NO
anon,public,subscriptions,TRIGGER,NO
anon,public,subscriptions,TRUNCATE,NO
anon,public,subscriptions,UPDATE,NO
authenticated,public,subscriptions,DELETE,NO
authenticated,public,subscriptions,INSERT,NO
authenticated,public,subscriptions,REFERENCES,NO
authenticated,public,subscriptions,SELECT,NO
authenticated,public,subscriptions,TRIGGER,NO
authenticated,public,subscriptions,TRUNCATE,NO
authenticated,public,subscriptions,UPDATE,NO
postgres,public,subscriptions,DELETE,YES
postgres,public,subscriptions,INSERT,YES
postgres,public,subscriptions,REFERENCES,YES
postgres,public,subscriptions,SELECT,YES
postgres,public,subscriptions,TRIGGER,YES
postgres,public,subscriptions,TRUNCATE,YES
postgres,public,subscriptions,UPDATE,YES
service_role,public,subscriptions,DELETE,NO
service_role,public,subscriptions,INSERT,NO
service_role,public,subscriptions,REFERENCES,NO
service_role,public,subscriptions,SELECT,NO
service_role,public,subscriptions,TRIGGER,NO
service_role,public,subscriptions,TRUNCATE,NO
service_role,public,subscriptions,UPDATE,NO
anon,public,tarot_readings,DELETE,NO
anon,public,tarot_readings,INSERT,NO
anon,public,tarot_readings,REFERENCES,NO
anon,public,tarot_readings,SELECT,NO
anon,public,tarot_readings,TRIGGER,NO
anon,public,tarot_readings,TRUNCATE,NO
anon,public,tarot_readings,UPDATE,NO
authenticated,public,tarot_readings,DELETE,NO
authenticated,public,tarot_readings,INSERT,NO
authenticated,public,tarot_readings,REFERENCES,NO
authenticated,public,tarot_readings,SELECT,NO
authenticated,public,tarot_readings,TRIGGER,NO
authenticated,public,tarot_readings,TRUNCATE,NO
authenticated,public,tarot_readings,UPDATE,NO
postgres,public,tarot_readings,DELETE,YES
postgres,public,tarot_readings,INSERT,YES
postgres,public,tarot_readings,REFERENCES,YES
postgres,public,tarot_readings,SELECT,YES
postgres,public,tarot_readings,TRIGGER,YES
postgres,public,tarot_readings,TRUNCATE,YES
postgres,public,tarot_readings,UPDATE,YES
service_role,public,tarot_readings,DELETE,NO
service_role,public,tarot_readings,INSERT,NO
service_role,public,tarot_readings,REFERENCES,NO
service_role,public,tarot_readings,SELECT,NO
service_role,public,tarot_readings,TRIGGER,NO
service_role,public,tarot_readings,TRUNCATE,NO
service_role,public,tarot_readings,UPDATE,NO
anon,public,teacher_directory,DELETE,NO
anon,public,teacher_directory,INSERT,NO
anon,public,teacher_directory,REFERENCES,NO
anon,public,teacher_directory,SELECT,NO
anon,public,teacher_directory,TRIGGER,NO
anon,public,teacher_directory,TRUNCATE,NO
anon,public,teacher_directory,UPDATE,NO
authenticated,public,teacher_directory,DELETE,NO
authenticated,public,teacher_directory,INSERT,NO
authenticated,public,teacher_directory,REFERENCES,NO
authenticated,public,teacher_directory,SELECT,NO
authenticated,public,teacher_directory,TRIGGER,NO
authenticated,public,teacher_directory,TRUNCATE,NO
authenticated,public,teacher_directory,UPDATE,NO
postgres,public,teacher_directory,DELETE,YES
postgres,public,teacher_directory,INSERT,YES
postgres,public,teacher_directory,REFERENCES,YES
postgres,public,teacher_directory,SELECT,YES
postgres,public,teacher_directory,TRIGGER,YES
postgres,public,teacher_directory,TRUNCATE,YES
postgres,public,teacher_directory,UPDATE,YES
service_role,public,teacher_directory,DELETE,NO
service_role,public,teacher_directory,INSERT,NO
service_role,public,teacher_directory,REFERENCES,NO
service_role,public,teacher_directory,SELECT,NO
service_role,public,teacher_directory,TRIGGER,NO
service_role,public,teacher_directory,TRUNCATE,NO
service_role,public,teacher_directory,UPDATE,NO
anon,public,teacher_permissions,DELETE,NO
anon,public,teacher_permissions,INSERT,NO
anon,public,teacher_permissions,REFERENCES,NO
anon,public,teacher_permissions,SELECT,NO
anon,public,teacher_permissions,TRIGGER,NO
anon,public,teacher_permissions,TRUNCATE,NO
anon,public,teacher_permissions,UPDATE,NO
authenticated,public,teacher_permissions,DELETE,NO
authenticated,public,teacher_permissions,INSERT,NO
authenticated,public,teacher_permissions,REFERENCES,NO
authenticated,public,teacher_permissions,SELECT,NO
authenticated,public,teacher_permissions,TRIGGER,NO
authenticated,public,teacher_permissions,TRUNCATE,NO
authenticated,public,teacher_permissions,UPDATE,NO
postgres,public,teacher_permissions,DELETE,YES
postgres,public,teacher_permissions,INSERT,YES
postgres,public,teacher_permissions,REFERENCES,YES
postgres,public,teacher_permissions,SELECT,YES
postgres,public,teacher_permissions,TRIGGER,YES
postgres,public,teacher_permissions,TRUNCATE,YES
postgres,public,teacher_permissions,UPDATE,YES
service_role,public,teacher_permissions,DELETE,NO
service_role,public,teacher_permissions,INSERT,NO
service_role,public,teacher_permissions,REFERENCES,NO
service_role,public,teacher_permissions,SELECT,NO
service_role,public,teacher_permissions,TRIGGER,NO
service_role,public,teacher_permissions,TRUNCATE,NO
service_role,public,teacher_permissions,UPDATE,NO
anon,public,teacher_permissions_compat,DELETE,NO
anon,public,teacher_permissions_compat,INSERT,NO
anon,public,teacher_permissions_compat,REFERENCES,NO
anon,public,teacher_permissions_compat,SELECT,NO
anon,public,teacher_permissions_compat,TRIGGER,NO
anon,public,teacher_permissions_compat,TRUNCATE,NO
anon,public,teacher_permissions_compat,UPDATE,NO
authenticated,public,teacher_permissions_compat,DELETE,NO
authenticated,public,teacher_permissions_compat,INSERT,NO
authenticated,public,teacher_permissions_compat,REFERENCES,NO
authenticated,public,teacher_permissions_compat,SELECT,NO
authenticated,public,teacher_permissions_compat,TRIGGER,NO
authenticated,public,teacher_permissions_compat,TRUNCATE,NO
authenticated,public,teacher_permissions_compat,UPDATE,NO
postgres,public,teacher_permissions_compat,DELETE,YES
postgres,public,teacher_permissions_compat,INSERT,YES
postgres,public,teacher_permissions_compat,REFERENCES,YES
postgres,public,teacher_permissions_compat,SELECT,YES
postgres,public,teacher_permissions_compat,TRIGGER,YES
postgres,public,teacher_permissions_compat,TRUNCATE,YES
postgres,public,teacher_permissions_compat,UPDATE,YES
service_role,public,teacher_permissions_compat,DELETE,NO
service_role,public,teacher_permissions_compat,INSERT,NO
service_role,public,teacher_permissions_compat,REFERENCES,NO
service_role,public,teacher_permissions_compat,SELECT,NO
service_role,public,teacher_permissions_compat,TRIGGER,NO
service_role,public,teacher_permissions_compat,TRUNCATE,NO
service_role,public,teacher_permissions_compat,UPDATE,NO
anon,public,teacher_requests,DELETE,NO
anon,public,teacher_requests,INSERT,NO
anon,public,teacher_requests,REFERENCES,NO
anon,public,teacher_requests,SELECT,NO
anon,public,teacher_requests,TRIGGER,NO
anon,public,teacher_requests,TRUNCATE,NO
anon,public,teacher_requests,UPDATE,NO
authenticated,public,teacher_requests,DELETE,NO
authenticated,public,teacher_requests,INSERT,NO
authenticated,public,teacher_requests,REFERENCES,NO
authenticated,public,teacher_requests,SELECT,NO
authenticated,public,teacher_requests,TRIGGER,NO
authenticated,public,teacher_requests,TRUNCATE,NO
authenticated,public,teacher_requests,UPDATE,NO
postgres,public,teacher_requests,DELETE,YES
postgres,public,teacher_requests,INSERT,YES
postgres,public,teacher_requests,REFERENCES,YES
postgres,public,teacher_requests,SELECT,YES
postgres,public,teacher_requests,TRIGGER,YES
postgres,public,teacher_requests,TRUNCATE,YES
postgres,public,teacher_requests,UPDATE,YES
service_role,public,teacher_requests,DELETE,NO
service_role,public,teacher_requests,INSERT,NO
service_role,public,teacher_requests,REFERENCES,NO
service_role,public,teacher_requests,SELECT,NO
service_role,public,teacher_requests,TRIGGER,NO
service_role,public,teacher_requests,TRUNCATE,NO
service_role,public,teacher_requests,UPDATE,NO
anon,public,user_certifications,DELETE,NO
anon,public,user_certifications,INSERT,NO
anon,public,user_certifications,REFERENCES,NO
anon,public,user_certifications,SELECT,NO
anon,public,user_certifications,TRIGGER,NO
anon,public,user_certifications,TRUNCATE,NO
anon,public,user_certifications,UPDATE,NO
authenticated,public,user_certifications,DELETE,NO
authenticated,public,user_certifications,INSERT,NO
authenticated,public,user_certifications,REFERENCES,NO
authenticated,public,user_certifications,SELECT,NO
authenticated,public,user_certifications,TRIGGER,NO
authenticated,public,user_certifications,TRUNCATE,NO
authenticated,public,user_certifications,UPDATE,NO
postgres,public,user_certifications,DELETE,YES
postgres,public,user_certifications,INSERT,YES
postgres,public,user_certifications,REFERENCES,YES
postgres,public,user_certifications,SELECT,YES
postgres,public,user_certifications,TRIGGER,YES
postgres,public,user_certifications,TRUNCATE,YES
postgres,public,user_certifications,UPDATE,YES
service_role,public,user_certifications,DELETE,NO
service_role,public,user_certifications,INSERT,NO
service_role,public,user_certifications,REFERENCES,NO
service_role,public,user_certifications,SELECT,NO
service_role,public,user_certifications,TRIGGER,NO
service_role,public,user_certifications,TRUNCATE,NO
service_role,public,user_certifications,UPDATE,NO
anon,public,user_roles,DELETE,NO
anon,public,user_roles,INSERT,NO
anon,public,user_roles,REFERENCES,NO
anon,public,user_roles,SELECT,NO
anon,public,user_roles,TRIGGER,NO
anon,public,user_roles,TRUNCATE,NO
anon,public,user_roles,UPDATE,NO
authenticated,public,user_roles,DELETE,NO
authenticated,public,user_roles,INSERT,NO
authenticated,public,user_roles,REFERENCES,NO
authenticated,public,user_roles,SELECT,NO
authenticated,public,user_roles,TRIGGER,NO
authenticated,public,user_roles,TRUNCATE,NO
authenticated,public,user_roles,UPDATE,NO
postgres,public,user_roles,DELETE,YES
postgres,public,user_roles,INSERT,YES
postgres,public,user_roles,REFERENCES,YES
postgres,public,user_roles,SELECT,YES
postgres,public,user_roles,TRIGGER,YES
postgres,public,user_roles,TRUNCATE,YES
postgres,public,user_roles,UPDATE,YES
service_role,public,user_roles,DELETE,NO
service_role,public,user_roles,INSERT,NO
service_role,public,user_roles,REFERENCES,NO
service_role,public,user_roles,SELECT,NO
service_role,public,user_roles,TRIGGER,NO
service_role,public,user_roles,TRUNCATE,NO
service_role,public,user_roles,UPDATE,NO
anon,realtime,messages,INSERT,NO
anon,realtime,messages,SELECT,NO
anon,realtime,messages,UPDATE,NO
authenticated,realtime,messages,INSERT,NO
authenticated,realtime,messages,SELECT,NO
authenticated,realtime,messages,UPDATE,NO
dashboard_user,realtime,messages,DELETE,NO
dashboard_user,realtime,messages,INSERT,NO
dashboard_user,realtime,messages,REFERENCES,NO
dashboard_user,realtime,messages,SELECT,NO
dashboard_user,realtime,messages,TRIGGER,NO
dashboard_user,realtime,messages,TRUNCATE,NO
dashboard_user,realtime,messages,UPDATE,NO
postgres,realtime,messages,DELETE,YES
postgres,realtime,messages,INSERT,YES
postgres,realtime,messages,REFERENCES,YES
postgres,realtime,messages,SELECT,YES
postgres,realtime,messages,TRIGGER,YES
postgres,realtime,messages,TRUNCATE,YES
postgres,realtime,messages,UPDATE,YES
service_role,realtime,messages,INSERT,NO
service_role,realtime,messages,SELECT,NO
service_role,realtime,messages,UPDATE,NO
supabase_realtime_admin,realtime,messages,DELETE,YES
supabase_realtime_admin,realtime,messages,INSERT,YES
supabase_realtime_admin,realtime,messages,REFERENCES,YES
supabase_realtime_admin,realtime,messages,SELECT,YES
supabase_realtime_admin,realtime,messages,TRIGGER,YES
supabase_realtime_admin,realtime,messages,TRUNCATE,YES
supabase_realtime_admin,realtime,messages,UPDATE,YES
anon,realtime,schema_migrations,SELECT,NO
authenticated,realtime,schema_migrations,SELECT,NO
postgres,realtime,schema_migrations,DELETE,NO
postgres,realtime,schema_migrations,INSERT,NO
postgres,realtime,schema_migrations,REFERENCES,NO
postgres,realtime,schema_migrations,SELECT,NO
postgres,realtime,schema_migrations,TRIGGER,NO
postgres,realtime,schema_migrations,TRUNCATE,NO
postgres,realtime,schema_migrations,UPDATE,NO
service_role,realtime,schema_migrations,SELECT,NO
supabase_realtime_admin,realtime,schema_migrations,DELETE,NO
supabase_realtime_admin,realtime,schema_migrations,INSERT,NO
supabase_realtime_admin,realtime,schema_migrations,REFERENCES,NO
supabase_realtime_admin,realtime,schema_migrations,SELECT,NO
supabase_realtime_admin,realtime,schema_migrations,TRIGGER,NO
supabase_realtime_admin,realtime,schema_migrations,TRUNCATE,NO
supabase_realtime_admin,realtime,schema_migrations,UPDATE,NO
anon,realtime,subscription,SELECT,NO
authenticated,realtime,subscription,SELECT,NO
postgres,realtime,subscription,DELETE,NO
postgres,realtime,subscription,INSERT,NO
postgres,realtime,subscription,REFERENCES,NO
postgres,realtime,subscription,SELECT,NO
postgres,realtime,subscription,TRIGGER,NO
postgres,realtime,subscription,TRUNCATE,NO
postgres,realtime,subscription,UPDATE,NO
service_role,realtime,subscription,SELECT,NO
supabase_realtime_admin,realtime,subscription,DELETE,NO
supabase_realtime_admin,realtime,subscription,INSERT,NO
supabase_realtime_admin,realtime,subscription,REFERENCES,NO
supabase_realtime_admin,realtime,subscription,SELECT,NO
supabase_realtime_admin,realtime,subscription,TRIGGER,NO
supabase_realtime_admin,realtime,subscription,TRUNCATE,NO
supabase_realtime_admin,realtime,subscription,UPDATE,NO
anon,storage,buckets,DELETE,NO
anon,storage,buckets,INSERT,NO
anon,storage,buckets,REFERENCES,NO
anon,storage,buckets,SELECT,NO
anon,storage,buckets,TRIGGER,NO
anon,storage,buckets,TRUNCATE,NO
anon,storage,buckets,UPDATE,NO
authenticated,storage,buckets,DELETE,NO
authenticated,storage,buckets,INSERT,NO
authenticated,storage,buckets,REFERENCES,NO
authenticated,storage,buckets,SELECT,NO
authenticated,storage,buckets,TRIGGER,NO
authenticated,storage,buckets,TRUNCATE,NO
authenticated,storage,buckets,UPDATE,NO
postgres,storage,buckets,DELETE,YES
postgres,storage,buckets,INSERT,YES
postgres,storage,buckets,REFERENCES,YES
postgres,storage,buckets,SELECT,YES
postgres,storage,buckets,TRIGGER,YES
postgres,storage,buckets,TRUNCATE,YES
postgres,storage,buckets,UPDATE,YES
service_role,storage,buckets,DELETE,NO
service_role,storage,buckets,INSERT,NO
service_role,storage,buckets,REFERENCES,NO
service_role,storage,buckets,SELECT,NO
service_role,storage,buckets,TRIGGER,NO
service_role,storage,buckets,TRUNCATE,NO
service_role,storage,buckets,UPDATE,NO
anon,storage,buckets_analytics,DELETE,NO
anon,storage,buckets_analytics,INSERT,NO
anon,storage,buckets_analytics,REFERENCES,NO
anon,storage,buckets_analytics,SELECT,NO
anon,storage,buckets_analytics,TRIGGER,NO
anon,storage,buckets_analytics,TRUNCATE,NO
anon,storage,buckets_analytics,UPDATE,NO
authenticated,storage,buckets_analytics,DELETE,NO
authenticated,storage,buckets_analytics,INSERT,NO
authenticated,storage,buckets_analytics,REFERENCES,NO
authenticated,storage,buckets_analytics,SELECT,NO
authenticated,storage,buckets_analytics,TRIGGER,NO
authenticated,storage,buckets_analytics,TRUNCATE,NO
authenticated,storage,buckets_analytics,UPDATE,NO
service_role,storage,buckets_analytics,DELETE,NO
service_role,storage,buckets_analytics,INSERT,NO
service_role,storage,buckets_analytics,REFERENCES,NO
service_role,storage,buckets_analytics,SELECT,NO
service_role,storage,buckets_analytics,TRIGGER,NO
service_role,storage,buckets_analytics,TRUNCATE,NO
service_role,storage,buckets_analytics,UPDATE,NO
anon,storage,objects,DELETE,NO
anon,storage,objects,INSERT,NO
anon,storage,objects,REFERENCES,NO
anon,storage,objects,SELECT,NO
anon,storage,objects,TRIGGER,NO
anon,storage,objects,TRUNCATE,NO
anon,storage,objects,UPDATE,NO
authenticated,storage,objects,DELETE,NO
authenticated,storage,objects,INSERT,NO
authenticated,storage,objects,REFERENCES,NO
authenticated,storage,objects,SELECT,NO
authenticated,storage,objects,TRIGGER,NO
authenticated,storage,objects,TRUNCATE,NO
authenticated,storage,objects,UPDATE,NO
postgres,storage,objects,DELETE,YES
postgres,storage,objects,INSERT,YES
postgres,storage,objects,REFERENCES,YES
postgres,storage,objects,SELECT,YES
postgres,storage,objects,TRIGGER,YES
postgres,storage,objects,TRUNCATE,YES
postgres,storage,objects,UPDATE,YES
service_role,storage,objects,DELETE,NO
service_role,storage,objects,INSERT,NO
service_role,storage,objects,REFERENCES,NO
service_role,storage,objects,SELECT,NO
service_role,storage,objects,TRIGGER,NO
service_role,storage,objects,TRUNCATE,NO
service_role,storage,objects,UPDATE,NO
anon,storage,prefixes,DELETE,NO
anon,storage,prefixes,INSERT,NO
anon,storage,prefixes,REFERENCES,NO
anon,storage,prefixes,SELECT,NO
anon,storage,prefixes,TRIGGER,NO
anon,storage,prefixes,TRUNCATE,NO
anon,storage,prefixes,UPDATE,NO
authenticated,storage,prefixes,DELETE,NO
authenticated,storage,prefixes,INSERT,NO
authenticated,storage,prefixes,REFERENCES,NO
authenticated,storage,prefixes,SELECT,NO
authenticated,storage,prefixes,TRIGGER,NO
authenticated,storage,prefixes,TRUNCATE,NO
authenticated,storage,prefixes,UPDATE,NO
service_role,storage,prefixes,DELETE,NO
service_role,storage,prefixes,INSERT,NO
service_role,storage,prefixes,REFERENCES,NO
service_role,storage,prefixes,SELECT,NO
service_role,storage,prefixes,TRIGGER,NO
service_role,storage,prefixes,TRUNCATE,NO
service_role,storage,prefixes,UPDATE,NO
anon,storage,s3_multipart_uploads,SELECT,NO
authenticated,storage,s3_multipart_uploads,SELECT,NO
service_role,storage,s3_multipart_uploads,DELETE,NO
service_role,storage,s3_multipart_uploads,INSERT,NO
service_role,storage,s3_multipart_uploads,REFERENCES,NO
service_role,storage,s3_multipart_uploads,SELECT,NO
service_role,storage,s3_multipart_uploads,TRIGGER,NO
service_role,storage,s3_multipart_uploads,TRUNCATE,NO
service_role,storage,s3_multipart_uploads,UPDATE,NO
anon,storage,s3_multipart_uploads_parts,SELECT,NO
authenticated,storage,s3_multipart_uploads_parts,SELECT,NO
service_role,storage,s3_multipart_uploads_parts,DELETE,NO
service_role,storage,s3_multipart_uploads_parts,INSERT,NO
service_role,storage,s3_multipart_uploads_parts,REFERENCES,NO
service_role,storage,s3_multipart_uploads_parts,SELECT,NO
service_role,storage,s3_multipart_uploads_parts,TRIGGER,NO
service_role,storage,s3_multipart_uploads_parts,TRUNCATE,NO
service_role,storage,s3_multipart_uploads_parts,UPDATE,NO
postgres,supabase_migrations,schema_migrations,DELETE,YES
postgres,supabase_migrations,schema_migrations,INSERT,YES
postgres,supabase_migrations,schema_migrations,REFERENCES,YES
postgres,supabase_migrations,schema_migrations,SELECT,YES
postgres,supabase_migrations,schema_migrations,TRIGGER,YES
postgres,supabase_migrations,schema_migrations,TRUNCATE,YES
postgres,supabase_migrations,schema_migrations,UPDATE,YES
postgres,supabase_migrations,seed_files,DELETE,YES
postgres,supabase_migrations,seed_files,INSERT,YES
postgres,supabase_migrations,seed_files,REFERENCES,YES
postgres,supabase_migrations,seed_files,SELECT,YES
postgres,supabase_migrations,seed_files,TRIGGER,YES
postgres,supabase_migrations,seed_files,TRUNCATE,YES
postgres,supabase_migrations,seed_files,UPDATE,YES
postgres,vault,decrypted_secrets,DELETE,YES
postgres,vault,decrypted_secrets,REFERENCES,YES
postgres,vault,decrypted_secrets,SELECT,YES
postgres,vault,decrypted_secrets,TRUNCATE,YES
service_role,vault,decrypted_secrets,DELETE,NO
service_role,vault,decrypted_secrets,SELECT,NO
postgres,vault,secrets,DELETE,YES
postgres,vault,secrets,REFERENCES,YES
postgres,vault,secrets,SELECT,YES
postgres,vault,secrets,TRUNCATE,YES
service_role,vault,secrets,DELETE,NO
service_role,vault,secrets,SELECT,NO
